ID;Wallet;Request;Timestamp
0.0.4091984;HashPack;a9dc766a1da744fb8603c85f1a767485;2026-02-02T18:02:38.750778+00:00
0.0.4870694;HashPack;9d890d554c494d5b93bc1bdeda917d6e;2026-02-02T18:51:04.116518+00:00
0.0.4279368;HashPack;beee99c0086f420588901ce927506221;2026-02-03T11:25:10.142189+00:00
0.0.3168883;WalletConnect;c7774001d5494ef78c6067d5afa8f9e6;2026-02-03T11:28:04.481171+00:00
0.0.1285385;WalletConnect;d95a1b6ab2df41808ff11f413359f33a;2026-02-03T11:29:08.896385+00:00
0.0.845476;HashPack;e3c8736dd89b4516a8c6f2a1ebaa0126;2026-02-03T11:29:27.350079+00:00
0.0.961733;WalletConnect;c31d7cdcd3414ee5bc690d795b4c4992;2026-02-03T11:39:15.775141+00:00
0.0.4355306;WalletConnect;c62267fce1c649b58c723a143a719d2a;2026-02-03T11:42:55.976397+00:00
0.0.4308701;HashPack;963ba16247ee45f3adf9f07c8782e45c;2026-02-03T11:50:06.434716+00:00
0.0.683607;HashPack;5a267f77dc2e4999bfd624af739c9c30;2026-02-03T11:52:31.829551+00:00
0.0.7863693;WalletConnect;72c9a8a4551a432aaa3159a763c53b3c;2026-02-03T12:02:15.298913+00:00
0.0.663924;HashPack;3856654de4224d0f8c53f860af94bad4;2026-02-03T12:06:37.450810+00:00
0.0.1036366;WalletConnect;41f3df9c3bb848d09f363388e5971df6;2026-02-03T12:09:35.374277+00:00
0.0.1704972;HashPack;b218dd1cfc16460993218a6fc7edd8fb;2026-02-03T12:14:38.926450+00:00
0.0.3048854;WalletConnect;77c6743ef53c4f789addfaf41df06fec;2026-02-03T12:21:03.850979+00:00
0.0.4318040;WalletConnect;5afb7eeb745341ebbe3fe62bb429c1a1;2026-02-03T12:36:20.256355+00:00
0.0.3169359;WalletConnect;9ed2ae0eed524da8bf03d6d4c4a23370;2026-02-03T12:36:56.969267+00:00
0.0.4273349;HashPack;53276e345ca747a7802d4e12669350c5;2026-02-03T12:46:37.495471+00:00
0.0.6026822;WalletConnect;b26070935bb74a2b993075d35b2d3738;2026-02-03T13:01:34.415385+00:00
0.0.662983;HashPack;79ba104d52a241f6b4b3309ad8be3816;2026-02-03T13:12:58.461689+00:00
0.0.1484720;WalletConnect;dc3cb631605449b68d72b1ca41bd2f20;2026-02-03T13:18:54.070976+00:00
0.0.1269004;WalletConnect;7b5bd6db2957437a9d53b746ad70d003;2026-02-03T13:25:04.154049+00:00
0.0.6002813;WalletConnect;a534e333b1cb4bf4b7deb7e3623f3e5a;2026-02-03T13:35:18.398097+00:00
0.0.616721;HashPack;4cabbe32ed1f49d1bf1c5645b49d8196;2026-02-03T14:00:17.726804+00:00
0.0.8174246;HashPack;b74074daf73d4d4ebc0041925d2d0782;2026-02-03T14:13:40.561315+00:00
0.0.3968150;WalletConnect;db8824e10a3f4ca0a85e337596d7a770;2026-02-03T14:31:58.648949+00:00
0.0.1468174;WalletConnect;78069e0846a34149875c46dc45333759;2026-02-03T14:33:31.800101+00:00
0.0.939841;HashPack;48bd00566bc145d894632579f5c22074;2026-02-03T14:42:05.618661+00:00
0.0.725455;HashPack;068939bca79e456882af3621f89712ac;2026-02-03T14:54:17.978833+00:00
0.0.5570978;Kabila;72f20e99becb41d6b037505d0d5c1662;2026-02-03T15:20:31.236545+00:00
0.0.3963486;HashPack;9f1f29d2ce5a4a44bfcdbfaa72e04ecd;2026-02-03T15:34:21.525028+00:00
0.0.4366157;HashPack;04ceccf86622485a828d7624674991fd;2026-02-03T15:41:11.974221+00:00
0.0.6050;HashPack;b722544880fb442f8a761ab42e981106;2026-02-03T15:43:50.350545+00:00
0.0.3041089;HashPack;763fbcc5ad784122b8851290e464a897;2026-02-03T16:03:04.955051+00:00
0.0.1786185;WalletConnect;20cdaff9c5224496bbe99840b5a303a8;2026-02-03T16:41:27.355130+00:00
0.0.699534;HashPack;0e00e5f70bc047809e1bb4074ce8aa21;2026-02-03T16:43:25.617696+00:00
0.0.3167151;HashPack;8152b09bc7684ad7b22c041a53af2c3f;2026-02-03T16:48:58.952039+00:00
0.0.973559;HashPack;2cc2dc1bca5348a282cdf4445a4f6ad9;2026-02-03T16:54:09.535020+00:00
0.0.1357174;HashPack;af680dedde374b448132c88c31b9b44c;2026-02-03T17:23:45.103108+00:00
0.0.7577418;Kabila;23d7180d00224c6788786d9e11befc9c;2026-02-03T18:42:56.498457+00:00
0.0.1035628;Kabila;1f96c6f206c14d01acb463afdb944a55;2026-02-03T18:45:48.338920+00:00
0.0.7687902;Kabila;ebb1e5b8560e4b9f87d958bb9e864679;2026-02-03T19:12:38.922672+00:00
0.0.2773436;WalletConnect;4dbf8e88a69d4cc2b546ecc7070626ae;2026-02-03T21:29:28.350090+00:00
0.0.4324445;WalletConnect;cdd9418b831a47c7947bd23440ccf4ae;2026-02-03T21:31:32.392349+00:00
0.0.4958794;HashPack;0971c14181274cfda138da0d70421c78;2026-02-03T21:41:04.941579+00:00
0.0.499534;HashPack;a9e371660d3043f88c758069119e09cd;2026-02-03T22:53:42.310240+00:00
0.0.779779;HashPack;39a7a3dfd3794cd38d3bce1d0a10821b;2026-02-03T22:55:17.702721+00:00
0.0.4822391;HashPack;ec0bb2d5858643d7a3bd4202279f4cd3;2026-02-03T23:37:48.764038+00:00
0.0.7155902;HashPack;9d0fb7b5df9a426e9e5870d7300c6e3c;2026-02-04T00:02:04.858473+00:00
0.0.4340074;HashPack;d38e03141f61411caed223188e473e2b;2026-02-04T03:30:26.062192+00:00
0.0.975200;HashPack;e8d4271b63db40269d6fdf9a788fd2a7;2026-02-04T06:34:12.330067+00:00
0.0.458059;HashPack;8e0f8d03547a468d810ff78f63644745;2026-02-04T07:39:10.524483+00:00
0.0.1404401;HashPack;b578a10ca67c4263b4cc736657c782ec;2026-02-04T07:52:01.143806+00:00
0.0.1097345;HashPack;68f984e537ee4c229151565b5030090c;2026-02-04T09:11:10.613511+00:00
0.0.1742940;HashPack;09d1cb5801384e6d9504b88077297616;2026-02-04T09:16:08.738715+00:00
0.0.6063096;Kabila;6d8d365fac194358a220dc032603333b;2026-02-04T10:45:33.194382+00:00
0.0.4253136;HashPack;f2c8cd1202164b9da7a56e4fc37ea002;2026-02-04T12:13:17.379418+00:00
0.0.4561175;HashPack;2d6a4990faec46298f6ea89f6af78559;2026-02-04T14:14:00.744259+00:00
0.0.5106932;HashPack;80df2b0a6a5043418fa7f242ca9d60cd;2026-02-04T16:04:10.043636+00:00
0.0.4758385;HashPack;3b947e3c5dea442b8b0581289484abef;2026-02-04T19:03:52.371505+00:00
0.0.7060192;Kabila;a59a15199b394377ac582a4e2aeaec33;2026-02-04T21:21:29.961369+00:00
0.0.8152485;HashPack;6b504cc46f0a4176a521dc733bd1966b;2026-02-04T21:37:39.551440+00:00
0.0.8142971;HashPack;826290f6e8af4140abaa2d390aa8ba12;2026-02-04T21:45:28.626882+00:00
0.0.7785180;HashPack;105a6da93d924fc2a6f96876a2395087;2026-02-04T21:54:58.677077+00:00
0.0.792532;HashPack;5fe7f3d1a4fc4c0eac2e1a8694c0f22c;2026-02-05T01:30:32.539328+00:00
0.0.3965809;WalletConnect;88eb8429d83a4111b573081ca36a372a;2026-02-05T11:34:42.309521+00:00
0.0.634576;HashPack;f410f879221d4cccaf50b375f5ad1599;2026-02-05T19:44:59.361288+00:00
0.0.512044;HashPack;5a24db21010a4c80b53c7510adbdb15e;2026-02-05T19:47:02.311723+00:00
0.0.4595969;HashPack;54329e0484d94dbbb2d85492a11aa99c;2026-02-05T20:50:17.726179+00:00
0.0.3760539;HashPack;c161d8c87bf14f3e9bd5fa1b5a574681;2026-02-06T00:56:45.677734+00:00
0.0.3687967;WalletConnect;727cd01d635e48b09856adc18dea96e5;2026-02-06T01:48:43.324515+00:00
0.0.5171340;WalletConnect;6906210d3a5e4511b5ef762012223262;2026-02-06T01:51:47.521279+00:00
0.0.8147681;HashPack;36f26bae9c044e22854c9278352176f0;2026-02-06T05:31:13.341634+00:00
0.0.8158611;HashPack;777a44dc30e8443b8302dfcaf050dee9;2026-02-06T11:18:04.176657+00:00
0.0.4701500;HashPack;edb17b108bc3445a95edfb9fcb437538;2026-02-06T11:46:57.914234+00:00
0.0.1478185;HashPack;aabec7b96233449b92e2f614a1767067;2026-02-06T12:01:25.506525+00:00
0.0.848305;HashPack;74139c203fba48dfb62d992a02b712de;2026-02-06T12:15:31.215912+00:00
0.0.973889;HashPack;688de34eed6643bb9cc2d65237a637c1;2026-02-06T14:48:02.756793+00:00
0.0.4046889;HashPack;61536ac460d54bb7afaac0142523bf44;2026-02-06T16:52:01.246988+00:00
0.0.790788;HashPack;05e28401749140e8afb6f0e0abbcdbc2;2026-02-06T17:54:36.268390+00:00
0.0.793318;HashPack;b558f3596901456cbe15ad2d5cad7418;2026-02-06T17:55:32.499261+00:00
0.0.4312340;HashPack;2e5abd525b404e439877663e21da9c76;2026-02-06T18:34:48.221686+00:00
0.0.4641568;HashPack;c836242ebcbc426eade055ae031700f2;2026-02-06T18:42:22.761865+00:00
0.0.8131324;HashPack;a77c5f95bee0450e90be501b239f340e;2026-02-06T21:08:46.228778+00:00
0.0.1314552;WalletConnect;74c46ea288c2427ab8d75893e8140262;2026-02-07T12:34:47.016425+00:00
0.0.4591759;WalletConnect;5f5aa52b55d74518b82db4dc50b34275;2026-02-07T14:16:42.129340+00:00
0.0.832190;HashPack;2ff77d8d1ce1446abe1feadbe6dcbd31;2026-02-07T17:42:31.960886+00:00
0.0.5195606;HashPack;924c70c4b1fe43baab78b08e0d3cd38f;2026-02-07T21:30:59.626829+00:00
0.0.445590;HashPack;fa47c1813ba34218849c261fdeb5f337;2026-02-08T00:38:23.517433+00:00
0.0.8193911;Kabila;5121c680c95143738b5682fb88be448a;2026-02-08T07:13:45.130313+00:00
0.0.1097012;Kabila;a7a0d44c502245c5b437bb157311888b;2026-02-08T07:36:01.418532+00:00
0.0.1708350;HashPack;e1e6e7a75eb84d2094d6abfda43be11e;2026-02-08T09:29:11.886023+00:00
0.0.836658;HashPack;cd94c09a223645eaa252e60f88445047;2026-02-08T17:29:00.512260+00:00
0.0.8209469;Kabila;5d3b859526434b458e0831b9b6e8b9b9;2026-02-09T09:15:16.021371+00:00
0.0.5700356;Kabila;6b844486f25a487b81137cd129810756;2026-02-09T11:31:40.114583+00:00
0.0.7807171;WalletConnect;cb316b46bb074ccdaf5bbf8e3b72eb3c;2026-02-09T14:28:56.804054+00:00
0.0.8117644;WalletConnect;c98783ff5ad245ce85b4a2bcfdb5d84c;2026-02-09T14:34:57.868806+00:00
0.0.7840939;WalletConnect;91c73e2df3e34e33b292afddc8744305;2026-02-09T18:46:28.600591+00:00
0.0.1433899;HashPack;717649e418fd43cda4f4d01fffacd75d;2026-02-09T20:36:37.629941+00:00
0.0.7763952;HashPack;9d4a92f19cef4600a5ea91d359895d9c;2026-02-10T04:19:38.513651+00:00
0.0.7802114;WalletConnect;f37486f475f0499db4fd76008928c689;2026-02-11T01:05:28.516565+00:00
0.0.2189289;HashPack;c2b9fcd675634a33a3a2f70ce68c397b;2026-02-12T07:39:29.899323+00:00
0.0.4843176;Kabila;f339cded362b490491ca5718030fd027;2026-02-12T18:10:32.682001+00:00
0.0.4325842;HashPack;dceef61d13614890ab7b72af92453c8e;2026-02-13T08:58:41.889139+00:00
0.0.7821112;HashPack;9d989ea6cea74b54925835b08d39862b;2026-02-14T11:52:46.195641+00:00
0.0.4318142;HashPack;d02b65852547448189b524e429eeac76;2026-02-15T09:54:48.348381+00:00
0.0.891499;WalletConnect;b4ea5cf18eb340aa9aa28d41c9eb78c8;2026-02-15T19:29:10.885681+00:00
0.0.568040;HashPack;0929c78bd730498483865d745f586164;2026-02-16T03:52:56.232585+00:00
0.0.3215432;HashPack;1f17f2bcb725417695698f400fcc0b23;2026-02-16T07:13:02.089892+00:00
0.0.7770246;HashPack;64cf47ae65844252ac0c7150d85e5805;2026-02-17T15:43:21.427323+00:00
0.0.8205084;HashPack;ffa2c9d63b4c4447a56be08d9199a1e6;2026-02-18T19:58:25.173483+00:00
0.0.3274648;Kabila;9682f04e72324724907d06ab3efa1584;2026-02-21T07:40:22.043805+00:00
0.0.8013770;HashPack;40b02d2df42c4b4087604fc9211683f6;2026-02-23T14:16:24.865620+00:00
0.0.4858116;Kabila;65c7170584014941a5c18a5cf6e82679;2026-02-23T14:44:30.196738+00:00
0.0.1097530;Kabila;4d728a997a404f28882643738b66823c;2026-02-23T17:19:00.920298+00:00
0.0.1116944;HashPack;3fc96b4fe2ee413387e446328cfa47c8;2026-02-23T22:27:57.641162+00:00
0.0.484985;HashPack;c857c09b6357427da2f714e04d20dd5f;2026-02-23T22:31:17.830574+00:00
0.0.1116974;HashPack;1fe386671e07488aac1071c01e7a704b;2026-02-23T22:33:49.985683+00:00
0.0.8195929;HashPack;e176561f2a2e4b1797995587d62b25f5;2026-02-24T01:17:57.323125+00:00
0.0.3441589;HashPack;92a59d820cba4378a33754f7d2896ec2;2026-02-24T12:33:11.648885+00:00
0.0.1337958;HashPack;f6fed1203a674395873b4c4bab328b80;2026-02-25T15:48:09.731864+00:00
0.0.7848161;Kabila;a17ff8e1d3064d81a968938b09798b7d;2026-02-25T19:55:05.422582+00:00
0.0.3096877;HashPack;3efdedd06f864a6a823e4ca240f70e34;2026-02-28T00:21:42.698165+00:00
0.0.5162300;HashPack;a5a2111d4d41459691a2a1b73a360ccf;2026-02-28T10:07:49.076534+00:00
0.0.1524739;Kabila;8bf5a6f3119a4c25bbe08487f078222d;2026-02-28T22:09:08.561214+00:00
0.0.3101147;WalletConnect;500bf41b9ed44f60a7b2a414def36c92;2026-02-28T22:26:50.175098+00:00
0.0.904237;HashPack;09c50adaed2640619743d1d268b33ccb;2026-03-01T15:37:27.753972+00:00
0.0.1117018;HashPack;d9b7890f594b4758a4f623d07dd73fe9;2026-03-02T06:38:44.220588+00:00
0.0.3965045;;1772541448.371312000;1:37:28.3713 PM Mar 3, 2026 at GMT+1
0.0.8174246;;1772542665.093206000;1:57:45.0932 PM Mar 3, 2026 at GMT+1
0.0.326826;;1772546051.860035000;2:54:11.8600 PM Mar 3, 2026 at GMT+1
0.0.1116944;;1772588733.794290852;2:45:40.6348 AM Mar 4, 2026 at GMT+1
0.0.484985;;1772588777.101344056;2:46:23.5142 AM Mar 4, 2026 at GMT+1
0.0.1116974;;1772589263.659562411;2:54:33.4986 AM Mar 4, 2026 at GMT+1