hedera_id;HBAR_VALUE_HBAR;HBARX_VALUE_HBAR;HSUITE_VALUE_HBAR;SAUCE_VALUE_HBAR;XSAUCE_VALUE_HBAR;PACK_VALUE_HBAR;USDC_VALUE_HBAR;NEBULA_GENESIS_VALUE_HBAR;COSMIC_CYPHERS_VALUE_HBAR;TOTAL_LOSS_HBAR
0.0.6050;0.0;0.0;-0.0057139650000000005;0.0;0.0;0.0;0.0;79000.0;0.0;78999.994286035
0.0.40216;270.0;0.0;0.0;0.0;0.0;0.0;0.0;0.0;0.0;270.0
0.0.326826;29.62774269;0.0;0.0;27.000002700000003;0.0;0.0;883.8927335000001;0.0;0.0;940.52047889
0.0.445590;0.0;0.0;0.0;0.0;0.0;0.0;0.0;98750.0;74840.0;173590.0
0.0.454804;0.0;0.0;0.0;-0.02222451;302.335340265;0.0;0.0;0.0;0.0;302.313115755
0.0.458059;122032.0;0.0;0.0;0.0;0.0;0.0;0.0;98750.0;239488.0;460270.0
0.0.476700;0.0;0.0;3075.0;0.0;0.0;0.0;0.0;0.0;0.0;3075.0
0.0.484985;0.0;0.0;46125.0;0.0;0.0;0.0;0.0;0.0;0.0;46125.0
0.0.499534;0.0;0.0;38403.1445867925;0.0;31500.0;0.0;0.0;0.0;0.0;69903.1445867925
0.0.502561;0.0;0.0;0.0;0.0;0.0;0.0;0.0;39500.0;18710.0;58210.0
0.0.509518;500.02499295;66000.0;0.0;0.0;82.28619441000001;0.0;-104.120828;19750.0;1871.0;88099.19035936
0.0.512044;0.0;0.0;0.0;0.0;0.0;0.0;0.0;98750.0;76711.0;175461.0
0.0.568040;0.0;0.0;0.0;0.0;0.0;0.0;0.0;0.0;1871.0;1871.0
0.0.586040;7328.0;0.0;0.0;1350.0677597400002;0.0;0.0;0.0;0.0;0.0;8678.06775974
0.0.616721;0.0;0.0;30750.0;0.0;0.0;0.0;0.0;0.0;0.0;30750.0
0.0.634576;0.0;0.0;0.0;0.0;0.0;0.0;0.0;59250.0;127228.0;186478.0
0.0.643909;5000.0;0.0;922.5;0.0;0.0;0.0;0.0;0.0;0.0;5922.5
0.0.662983;0.0;0.0;48265.5388739175;0.0;0.0;0.0;-13513.359321;0.0;0.0;34752.1795529175
0.0.663924;0.0;0.0;1869.7791593400002;0.0;0.0;0.0;0.0;0.0;0.0;1869.77915934
0.0.681999;0.0;0.0;0.0;0.0;0.0;0.0;0.0;0.0;3742.0;3742.0
0.0.683607;0.0;0.0;0.0;-15851.7;63000.0;0.0;0.0;0.0;0.0;47148.3
0.0.692663;10000.0;0.0;0.0;0.0;0.0;0.0;0.0;0.0;0.0;10000.0
0.0.699534;7000.0;0.0;0.0;0.0;0.0;0.0;0.0;0.0;3742.0;10742.0
0.0.725455;644000.0;0.0;92250.0;0.0;94500.0;0.0;0.0;98750.0;129099.0;1158599.0
0.0.748039;0.0;0.0;0.0;0.0;0.0;0.0;0.0;0.0;1871.0;1871.0
0.0.767006;0.0;0.0;0.0;0.0;0.0;0.0;0.0;98750.0;0.0;98750.0
0.0.779779;0.0;0.0;61500.000000922504;0.0;189000.0;0.0;0.0;0.0;0.0;250500.0000009225
0.0.790788;46400.0;0.0;810.4993752449999;-0.2079621;22456.447959959998;3627.3423098499998;0.0;0.0;0.0;73294.081682955
0.0.792532;200000.0;0.0;15375.0;0.0;0.0;0.0;0.0;0.0;7484.0;222859.0
0.0.792890;272.51115116;0.0;0.0;0.0;0.0;0.0;0.0;0.0;0.0;272.51115116
0.0.793318;0.0;0.0;10258.4851204575;0.0;0.0;0.0;0.0;0.0;0.0;10258.4851204575
0.0.813507;0.0;0.0;0.0;0.0;0.0;0.0;0.0;39500.0;1871.0;41371.0
0.0.832190;-0.15228957;0.0;0.0;0.0;23581.957580055;0.0;0.0;0.0;0.0;23581.805290485
0.0.832543;-442.30200596;1389.6216667872002;0.0;0.0;0.0;0.0;0.0;0.0;0.0;947.3196608272002
0.0.833323;14700.0;0.0;1749.711630015;0.0;0.0;0.0;0.0;0.0;0.0;16449.711630015
0.0.835588;0.0;0.0;0.0;0.0;0.0;0.0;0.0;19750.0;0.0;19750.0
0.0.836658;0.0;0.0;0.0;0.0;0.0;0.0;0.0;0.0;16839.0;16839.0
0.0.836888;0.0;0.0;0.0;0.0;0.0;0.0;0.0;19750.0;0.0;19750.0
0.0.837878;0.0;0.0;2522.712673605;0.0;0.0;0.0;0.0;0.0;0.0;2522.712673605
0.0.845476;0.0;16964.7196555584;0.0;0.0;0.0;0.0;0.0;0.0;0.0;16964.7196555584
0.0.848305;0.0;0.0;76.875;0.0;0.0;0.0;0.0;0.0;0.0;76.875
0.0.864216;8134.40700349;0.0;6255.6530240249995;1.29942927;0.0;0.0;-7000.0;0.0;0.0;7391.359456785
0.0.891499;5000.0;0.0;0.0;1350.0;0.0;0.0;0.0;0.0;0.0;6350.0
0.0.904237;0.0;66000.7231992108;0.0;0.0;0.0;0.0;0.0;0.0;0.0;66000.7231992108
0.0.939841;2000.0;0.0;442.8027524325;0.0;31535.16140817;12098.106280777998;0.0;39500.0;0.0;85576.07044138049
0.0.946633;2670.0;0.0;0.0;0.0;0.0;0.0;-700.0;0.0;0.0;1970.0
0.0.961733;0.0;0.0;927.83677935;0.0;0.0;0.0;0.0;19750.0;0.0;20677.83677935
0.0.965330;172.84809598;0.0;0.0;0.0;0.0;0.0;0.0;0.0;1871.0;2043.84809598
0.0.973559;-200000.0;0.0;0.0;0.0;362250.0;0.0;0.0;98750.0;37420.0;298420.0
0.0.973889;0.0;0.0;0.0;0.0;0.0;0.0;0.0;79000.0;74840.0;153840.0
0.0.975200;500.0;0.0;0.0;0.0;0.0;0.0;0.0;19750.0;0.0;20250.0
0.0.982545;400.0;0.0;199.875;0.0;0.0;0.0;0.0;0.0;0.0;599.875
0.0.1018824;0.0;0.0;0.0;0.0;76.56747493499999;0.0;418.906481;0.0;0.0;495.473955935
0.0.1035628;0.0;0.0;3082.5844444500003;0.0;0.0;0.0;0.0;0.0;3742.0;6824.58444445
0.0.1036366;0.0;13126.147458547202;0.0;2214.0;0.0;0.0;0.0;0.0;0.0;15340.147458547202
0.0.1068842;0.0;0.0;0.0;0.0;0.0;0.0;0.0;98750.0;0.0;98750.0
0.0.1071561;0.0;0.0;4.801817295;0.0;0.0;0.0;0.0;0.0;0.0;4.801817295
0.0.1080907;10000.0;0.0;0.0;0.0;0.0;0.0;0.0;0.0;0.0;10000.0
0.0.1085174;-3975.6950076;0.0;15536.809793940001;0.0;0.0;0.0;0.0;0.0;0.0;11561.114786340002
0.0.1094369;0.0;0.0;1240.79387115;0.0;6749.106262605;0.0;0.0;0.0;0.0;7989.900133755
0.0.1097012;0.0;0.0;0.0;0.0;0.0;0.0;0.0;19750.0;1871.0;21621.0
0.0.1097345;2500.0;0.0;0.0;0.0;0.0;0.0;0.0;0.0;0.0;2500.0
0.0.1097530;0.0;0.0;0.0;0.0;0.0;0.0;0.0;0.0;1871.0;1871.0
0.0.1116944;0.0;0.0;0.0;0.0;0.0;0.0;0.0;19750.0;0.0;19750.0
0.0.1116974;0.0;0.0;0.0;0.0;0.0;0.0;0.0;39500.0;0.0;39500.0
0.0.1117018;30000.0;0.0;0.0;0.0;0.0;0.0;0.0;0.0;0.0;30000.0
0.0.1120183;8000.0;0.0;0.0;0.0;0.0;0.0;0.0;0.0;0.0;8000.0
0.0.1137113;1000.0;0.0;0.0;0.0;0.0;0.0;0.0;0.0;0.0;1000.0
0.0.1200616;0.0;0.0;0.0;13500.3051;0.0;0.0;0.0;0.0;0.0;13500.3051
0.0.1269004;0.0;0.0;307500.0;0.0;0.0;0.0;-108293.5590485;0.0;0.0;199206.4409515
0.0.1285385;1600.0;0.0;11208.7361160075;-0.00035343000000000006;568.86463494;-0.0032467959999999997;-0.0089635;0.0;0.0;13377.5881872215
0.0.1295194;0.0;1320.0;0.0;0.0;0.0;0.0;0.0;0.0;0.0;1320.0
0.0.1314552;120000.0;0.0;15233.774612452502;-2.02416246;21520.62513153;0.0;0.0;19750.0;0.0;176502.3755815225
0.0.1337958;663742.75333997;0.0;0.0;0.0;2484.816983775;0.0;0.0;0.0;0.0;666227.570323745
0.0.1348095;0.0;0.0;0.0;0.0;0.0;0.0;474.93243700000005;19750.0;207681.0;227905.932437
0.0.1357174;100003.68891372;0.0;0.0;0.0;0.0;0.0;0.0;39500.0;0.0;139503.68891372002
0.0.1360162;10.0;0.0;6538.6605641549995;0.0;12.6;1.428;863.6887735;0.0;0.0;7426.377337655
0.0.1380166;100.0;660.0;0.0;0.0;0.0;0.0;-140.0;0.0;0.0;620.0
0.0.1404401;5000.0;0.0;6150.0;0.0;0.0;0.0;0.0;0.0;0.0;11150.0
0.0.1421971;3222.0;0.0;0.0;796.55722299;-1728.95015664;1027.6699854889998;198.018891;0.0;0.0;3515.295942839
0.0.1425321;0.0;0.0;922.5000027675;0.0;895.7097349200001;0.0;0.0;0.0;0.0;1818.2097376875
0.0.1433899;0.0;0.0;0.0;0.0;0.0;0.0;0.0;0.0;13097.0;13097.0
0.0.1453734;0.0;0.0;0.0;-216.0;625.083942735;0.0;0.0;0.0;0.0;409.0839427350001
0.0.1468174;0.0;0.0;50704.8131961825;0.0;0.0;0.0;0.0;79000.0;41162.0;170866.81319618248
0.0.1470278;0.0;0.0;0.0;135.0;0.0;0.0;0.0;0.0;3742.0;3877.0
0.0.1475262;520.69596963;0.0;15374.9999984625;0.0;0.0;0.0;-1750.0;0.0;0.0;14145.6959680925
0.0.1477725;0.0;0.0;0.0;0.0;0.0;0.0;0.0;0.0;1871.0;1871.0
0.0.1478185;0.0;0.0;3075.0;0.0;0.0;0.0;0.0;19750.0;0.0;22825.0
0.0.1484720;0.0;0.0;15375.0;0.0;0.0;0.0;-5260.6386035;0.0;0.0;10114.3613965
0.0.1524739;58897.0;0.0;0.0;0.0;0.0;0.0;0.0;0.0;0.0;58897.0
0.0.1704972;0.0;25740.0;3540.5932354725005;0.0;2992.5;0.0;0.0;0.0;20581.0;52854.0932354725
0.0.1708350;0.0;0.0;32187.812548237504;0.0;1711.9164837600001;0.0;0.0;19750.0;37420.0;91069.7290319975
0.0.1742940;1500.0;0.0;0.0;0.0;0.0;0.0;0.0;0.0;0.0;1500.0
0.0.1786185;0.0;0.0;1998.75;0.0;0.0;0.0;0.0;0.0;0.0;1998.75
0.0.1790948;0.0;0.0;0.0;0.0;0.0;0.0;0.0;0.0;1871.0;1871.0
0.0.1911303;0.03678078;0.0;0.0;0.0;0.0;0.0;0.0;0.0;0.0;0.03678078
0.0.2061956;0.0;0.0;415.9515572325;0.0;357.69942558;0.0;0.0;0.0;0.0;773.6509828125
0.0.2103926;-0.0134279;0.0;449.96465436750003;0.0;865.172425005;0.0;0.0;0.0;0.0;1315.1236514725
0.0.2175236;0.00034169;191.6169699312;0.0;0.0;63.0;0.0;0.0;0.0;0.0;254.6173116212
0.0.2175494;0.0;0.0;0.0;0.0;0.0;0.0;0.0;0.0;3742.0;3742.0
0.0.2187119;0.0;0.0;0.0;0.0;0.0;0.0;0.0;0.0;1871.0;1871.0
0.0.2189289;41.83856046;0.0;49.276875000000004;0.0;0.0;0.0;0.0;0.0;0.0;91.11543546
0.0.2773436;0.0;0.0;10.2217055925;0.0;0.0;334.488802844;0.0;0.0;0.0;344.7105084365
0.0.3041089;-16385.6048287;0.0;13145.618976075;0.0;24414.449900085;0.0;0.0;0.0;0.0;21174.46404746
0.0.3048854;51919.7604706;0.0;0.0;0.0;0.0;0.000194446;0.0;0.0;0.0;51919.760665046
0.0.3096877;0.0;0.0;0.0;0.0;4725.0;0.0;0.0;0.0;3742.0;8467.0
0.0.3101147;4813.0;0.0;0.0;0.0;0.0;0.0;0.0;0.0;0.0;4813.0
0.0.3161254;500000.0;0.0;0.0;0.0;0.0;0.0;175000.0;0.0;0.0;675000.0
0.0.3167151;305.64272405;0.0;569.6170556175;0.0;787.63651344;0.0;0.0;0.0;0.0;1662.8962931075
0.0.3168883;1042517.36976835;0.0;0.0;0.0;0.0;0.0;0.0;0.0;0.0;1042517.36976835
0.0.3169359;2604.58902309;0.0;0.0;0.0;0.0;0.0;0.0;0.0;0.0;2604.58902309
0.0.3215432;0.0;0.0;3075.0076309200003;0.0;0.0;0.0;0.0;0.0;0.0;3075.0076309200003
0.0.3274648;2090.0;0.0;0.0;0.55277208;247.9948758;0.0;0.0;0.0;0.0;2338.54764788
0.0.3304005;323.0;0.0;0.0;0.0;0.0;0.0;0.0;0.0;0.0;323.0
0.0.3441589;0.0;0.0;1325.286016995;0.0;0.0;0.0;0.0;0.0;0.0;1325.286016995
0.0.3473654;0.0;0.0;0.0;0.0;0.0;0.0;0.0;0.0;1871.0;1871.0
0.0.3687967;18418.0;0.0;0.0;0.0;0.0;0.0;0.0;0.0;0.0;18418.0
0.0.3760539;0.0;0.0;0.0;0.0;0.0;0.0;0.0;79000.0;37420.0;116420.0
0.0.3802249;0.0;-0.0016783800000000001;119.925;0.0;192.15;0.0;245.0;0.0;0.0;557.07332162
0.0.3826476;0.0;0.0;0.0;0.0;0.0;0.0;0.0;0.0;7484.0;7484.0
0.0.3836035;0.0;0.0;0.0;0.0;314.59768389;0.0;-140.0;0.0;0.0;174.59768388999998
0.0.3922437;0.0;0.0;0.0;0.0;0.0;0.0;0.0;98750.0;0.0;98750.0
0.0.3927125;-3500.0;6600.0;4612.5;675.0;1260.0;595.0;-1750.0;19750.0;1871.0;30113.5
0.0.3944724;900.0;0.0;46.2784434225;1.3495580100000002;0.0;0.0;0.0;0.0;0.0;947.6280014325
0.0.3963486;2462.09001067;0.0;0.0;0.0;0.0;0.0;0.0;0.0;0.0;2462.09001067
0.0.3965045;46000.0;148046.00650414082;0.0;0.0;0.0;0.0;-113750.0;0.0;1871.0;82167.00650414082
0.0.3965809;9950.0;0.0;1314.0144098475;0.0;2463.3;0.5409668599999999;0.0;0.0;0.0;13727.8553767075
0.0.3968150;0.0;0.0;61300.78668711;0.0;0.0;0.0;0.0;0.0;0.0;61300.78668711
0.0.3971395;0.0;0.0;0.0;0.0;0.0;0.677172475;0.0;0.0;0.0;0.677172475
0.0.4046889;53.12726432;0.0;86.60450172;83.64604914;0.0;0.0;0.0;0.0;0.0;223.37781518
0.0.4091984;3260.0;5816.2101460056;0.0;0.0;0.0;0.0;-3500.0;0.0;0.0;5576.2101460056
0.0.4178198;0.0;0.0;0.0;0.0;2205.12348126;0.0;-0.006461;0.0;0.0;2205.11702026
0.0.4193066;150.0;0.0;76.8750003075;0.0;0.0;0.0;0.0;0.0;0.0;226.8750003075
0.0.4209855;0.0;0.0;0.0;0.0;0.0;0.0;0.0;0.0;1871.0;1871.0
0.0.4253136;0.0;0.0;492.207582795;0.0;3410.282534085;0.0;0.0;0.0;0.0;3902.49011688
0.0.4273349;0.0;0.0;0.0;-80.96918679000001;24820.85379501;0.0;0.0;0.0;0.0;24739.88460822
0.0.4275917;480.0;0.0;0.0;0.0;0.0;1.9347110439999997;0.0;0.0;0.0;481.934711044
0.0.4279368;0.0;0.0;0.0;5220.303109740001;0.0;0.0;0.0;0.0;0.0;5220.303109740001
0.0.4308701;190000.0;-396.0;3155.0106731325;54142.19456013;0.0;0.0;0.0;0.0;0.0;246901.2052332625
0.0.4312340;0.0;0.0;0.0;0.0;0.0;4180.328350968;0.0;0.0;0.0;4180.328350968
0.0.4315388;0.0;0.0;0.0;0.0;0.0;0.0;417.8448995;0.0;0.0;417.8448995
0.0.4318040;0.0;0.0;0.0;81.49346712;13332.81249279;0.0;0.0;59250.0;54259.0;126923.30595991
0.0.4318142;4200.0;0.0;467.885710395;0.0;1929.904902135;390.410562451;498.841357;0.0;0.0;7487.042531981001
0.0.4324445;0.0;23.82783381;1.1433695625;0.0;26.75692467;0.0;294.11438699999997;0.0;0.0;345.84251504249994
0.0.4325842;8574.0;0.0;0.0;0.0;0.0;0.0;-3500.0;0.0;0.0;5074.0
0.0.4337846;600.0;-186.05245681440002;139.1854024125;0.0;220.97302605;0.0;0.0;0.0;0.0;774.1059716481
0.0.4340074;0.0;0.0;145.452585435;217.38905307000002;0.0;0.0;0.0;0.0;0.0;362.841638505
0.0.4345772;0.0;0.0;0.0;0.0;0.0;0.0;0.0;19750.0;9355.0;29105.0
0.0.4350275;39909.10404036;0.0;0.0;1758.4338616200002;0.0;60.326559124999996;1495.968033;0.0;0.0;43223.832494105
0.0.4350595;0.0;0.0;307.5000027675;0.0;0.0;0.0;0.0;0.0;0.0;307.5000027675
0.0.4355306;0.0;0.0;2240.998316115;0.0;2915.9753275800003;0.0;0.0;0.0;0.0;5156.973643695001
0.0.4355567;0.0;0.0;0.0;5.4e-07;0.0;0.0;0.0;0.0;0.0;5.4e-07
0.0.4361012;41.75936266;0.0;0.0;-0.0046899;304.8607926;0.0;0.0;0.0;0.0;346.61546536000003
0.0.4364865;0.0;0.0;0.0;0.0;0.0;0.0;0.0;0.0;1871.0;1871.0
0.0.4364980;0.0;0.0;0.0;0.0;0.0;1.286806143;0.0;0.0;0.0;1.286806143
0.0.4366157;0.0;0.0;1540.913865;0.0;0.0;0.0;0.0;0.0;0.0;1540.913865
0.0.4369328;1150.0;0.0;0.0;0.0;1411.29511677;0.0;0.0;0.0;0.0;2561.2951167700003
0.0.4432366;0.0;0.0;0.0;0.0;474.03199179;0.0;0.0;0.0;0.0;474.03199179
0.0.4496602;0.0;0.0;0.0;0.0;0.0;0.0;0.0;39500.0;37420.0;76920.0
0.0.4497797;1125.65785084;-652.9353066588001;0.0;1382.99855463;0.0;0.0;0.0;0.0;0.0;1855.7210988112
0.0.4554850;883.99395654;-225.43345931040002;0.0;0.0;0.0;0.0;0.0;0.0;0.0;658.5604972296
0.0.4559235;1000.0;0.0;0.0;0.0;0.0;0.0;0.0;0.0;0.0;1000.0
0.0.4561175;0.0;0.0;30780.75;0.0;0.0;0.0;0.0;0.0;0.0;30780.75
0.0.4573890;0.0;0.0;0.0;0.0;0.0;0.0;0.0;0.0;18710.0;18710.0
0.0.4576167;260.0;0.0;0.0;0.0;93.01112005499999;0.0;0.0;0.0;0.0;353.011120055
0.0.4591759;0.0;0.0;8579.2469203875;0.0;0.0;0.0;-1050.0;0.0;0.0;7529.246920387501
0.0.4595969;2800.00000001;0.0;0.0;0.0;3180.19440249;2243.93218462;-3434.5384745;0.0;0.0;4789.588112619999
0.0.4607653;0.0;0.0;0.0;100.98314874;0.0;0.0;0.0;0.0;0.0;100.98314874
0.0.4615491;78.46452561;0.0;100.90513454250001;0.0;0.0;0.0;0.0;0.0;0.0;179.3696601525
0.0.4615531;2000.0;0.0;0.0;0.0;439.91779607999996;0.0;0.0;0.0;0.0;2439.91779608
0.0.4641568;0.0;0.0;0.0;0.0;0.0;0.0;0.0;0.0;114131.0;114131.0
0.0.4695025;0.0;152.2552155036;61.782118335;0.0;0.0;0.0;0.0;0.0;0.0;214.0373338386
0.0.4701500;0.0;0.0;0.0;0.0;0.0;0.0;0.0;98750.0;39291.0;138041.0
0.0.4758385;1200.0;0.0;0.0;0.0;0.0;0.0;0.0;0.0;0.0;1200.0
0.0.4812294;0.0;0.0;0.0;439.3328476500001;0.0;0.0;0.0;0.0;0.0;439.3328476500001
0.0.4822391;0.0;0.0;0.0;0.0;0.0;0.0;350.0;0.0;0.0;350.0
0.0.4843176;6000.0;0.0;1755.5697937575;0.0;1928.3355885150002;0.0;0.0;0.0;0.0;9683.9053822725
0.0.4858116;160.0;0.0;0.0;0.0;0.0;0.0;0.0;0.0;0.0;160.0
0.0.4870694;2810.00000002;1495.7388144072002;3072.80939091;12142.370395890002;11854.147540095;-15927.573952297;280545.156584;0.0;155293.0;451285.6487730252
0.0.4904643;0.0;0.0;0.0;0.0;0.0;0.0;0.0;0.0;11226.0;11226.0
0.0.4912708;10000.0;0.0;208.72534692000002;0.0;0.0;0.0;-4674.8574775;0.0;0.0;5533.867869420001
0.0.4923080;0.38813223;0.0;0.0;15.930000000000001;0.0;0.0;0.0;0.0;0.0;16.31813223
0.0.4957513;0.0;0.0;0.0;1379.7;0.0;833.0;0.0;0.0;0.0;2212.7
0.0.4958794;0.0;0.0;0.0;8100.000000000001;27720.0;0.0;0.0;19750.0;39291.0;94861.0
0.0.5106932;16225.72235672;0.0;0.0;0.0;0.0;0.0;0.0;0.0;0.0;16225.72235672
0.0.5129884;650.0;0.0;0.0;0.0;0.0;0.0;0.0;0.0;0.0;650.0
0.0.5146064;450.0;0.0;0.0;0.0;0.0;0.0;0.0;0.0;0.0;450.0
0.0.5162300;675.37844807;0.0;0.0;0.0;0.0;0.0;773.3083855;0.0;0.0;1448.68683357
0.0.5171340;4425.0;889.6800000000001;0.0;29.970000000000002;0.0;0.0;0.0;0.0;0.0;5344.650000000001
0.0.5186347;602.94425821;0.0;0.0;0.0;0.0;0.0;0.0;0.0;0.0;602.94425821
0.0.5195606;0.0;0.0;0.0;5537.796542010001;0.0;0.0;0.0;0.0;0.0;5537.796542010001
0.0.5285066;300.0;0.0;0.0;0.0;0.0;0.0;0.0;0.0;0.0;300.0
0.0.5570978;599.61604517;0.0;0.0;889.85445507;0.0;0.0;0.0;0.0;0.0;1489.47050024
0.0.5700356;0.0;0.0;0.0;0.0;0.0;0.0;148.7452295;0.0;0.0;148.7452295
0.0.5704457;0.0;0.0;0.0;0.0;0.0;0.0;0.0;0.0;9355.0;9355.0
0.0.5765172;0.0;0.0;0.0;0.0;0.0;0.0;2100.0;0.0;0.0;2100.0
0.0.6002813;1355.83578589;0.0;0.0;0.0;0.0;0.0;0.0;0.0;0.0;1355.83578589
0.0.6026822;218365.0;0.0;0.0;0.0;0.0;0.0;-38389.3949775;0.0;1871.0;181846.6050225
0.0.6063096;800.0;0.0;0.0;0.0;0.0;0.0;700.153594;0.0;0.0;1500.153594
0.0.6068342;0.0;0.0;0.0;0.5511734100000001;0.0;0.0;0.0;0.0;0.0;0.5511734100000001
0.0.6194066;3000.0;0.0;3455.747924955;0.0;0.0;0.0;0.0;0.0;0.0;6455.747924955
0.0.6447830;0.0;0.0;38547.4515164025;0.0;0.0;0.0;0.0;0.0;0.0;38547.4515164025
0.0.7060192;0.0;0.0;0.0;0.0;1821.2867476650001;0.0;0.0;0.0;0.0;1821.286747665
0.0.7131424;30.0;0.0;0.0;0.0;0.0;0.0;-24.614653;0.0;0.0;5.385346999999999
0.0.7155902;39000.0;0.0;34079.4474410475;-3375.33692652;24235.18759242;3621.71681214;11040.877407;0.0;1871.0;110472.89232608749
0.0.7191408;45785.86975782;0.0;0.0;0.0;0.0;0.0;0.0;0.0;0.0;45785.86975782
0.0.7222630;102.99200242;-0.6330191208;0.0;0.25383024;17579.755974375003;0.0;0.0;0.0;0.0;17682.3687879142
0.0.7377923;69.45155819;0.0;0.0;0.0;0.0;0.0;0.0;0.0;0.0;69.45155819
0.0.7483944;65.0;0.0;0.0;0.0;0.0;0.0;0.0;0.0;0.0;65.0
0.0.7504500;675.0;0.0;0.0;0.0;0.0;0.0;0.0;0.0;0.0;675.0
0.0.7577418;1503.48223673;0.0;15.481580115000002;0.0;36.612420705;0.0;0.0;0.0;0.0;1555.57623755
0.0.7601470;1300.0;0.0;0.0;0.0;0.0;0.0;-525.178045;0.0;0.0;774.821955
0.0.7627197;110.22152939;0.0;0.0;0.0;0.0;0.0;0.0;0.0;0.0;110.22152939
0.0.7687902;400.0;0.0;0.0;0.0;0.0;0.0;0.0;19750.0;5613.0;25763.0
0.0.7715516;8.73137312;0.0;0.0;0.0;0.0;0.0;0.0;0.0;0.0;8.73137312
0.0.7763952;0.0;0.0;0.0;0.0;0.0;0.0;0.0;0.0;37420.0;37420.0
0.0.7770246;43350.45133108;-0.0379698396;1558.892859255;-0.047679030000000004;-0.71222193;-0.026739181;-18.327921500000002;0.0;1871.0;46761.191658854405
0.0.7785180;0.0;0.0;0.0;4870.6264807200005;0.0;0.0;0.0;0.0;0.0;4870.6264807200005
0.0.7807171;0.0;0.0;0.0;0.0;0.0;0.0;0.0;0.0;7484.0;7484.0
0.0.7811830;300.0;0.0;0.0;0.0;0.0;0.0;0.0;0.0;0.0;300.0
0.0.7821112;0.0;0.0;0.0;0.0;0.0;0.0;0.0;0.0;9355.0;9355.0
0.0.7840939;0.0;0.0;0.0;0.0;0.0;0.0;0.0;0.0;5613.0;5613.0
0.0.7842795;0.0;0.0;0.0;0.0;0.0;0.0;0.0;0.0;3742.0;3742.0
0.0.7843266;0.0;0.0;0.0;0.0;0.0;0.0;0.0;0.0;44904.0;44904.0
0.0.7848161;-0.00768513;0.0;2382.1082650875;0.0;0.0;0.0;0.0;0.0;0.0;2382.1005799575
0.0.7849945;0.0;0.0;0.0;0.0;0.0;0.0;0.0;0.0;3742.0;3742.0
0.0.7863693;0.0;6900.8450621088;0.0;0.034590510000000005;0.0;0.0;0.0;0.0;0.0;6900.879652618801
0.0.7893421;2.0067558;-1.3163210016;0.0;0.0;-2.1105000000000002e-05;0.0;0.0;0.0;0.0;0.6904136934000001
0.0.7907159;0.0;0.0;0.0;0.0;0.0;0.0;0.0;19750.0;0.0;19750.0
0.0.7907211;0.0;0.0;0.0;0.0;0.0;0.0;0.0;0.0;1871.0;1871.0
0.0.7907763;0.0;98.12982719760001;0.0;0.0;0.0;0.0;0.0;0.0;0.0;98.1298271976
0.0.7907784;12433.98116443;0.0;0.0;0.0;0.0;0.0;0.0;0.0;0.0;12433.98116443
0.0.7924085;-0.0048838;0.0;0.0;0.0;0.0;0.0;0.48084750000000004;0.0;0.0;0.4759637
0.0.7931945;0.0;0.0;0.0;0.0;0.0;0.0;0.0;98750.0;48646.0;147396.0
0.0.7939731;0.001316;0.0;0.0;0.0;0.0;0.0;0.0;0.0;0.0;0.001316
0.0.7948676;0.0;0.0;1456.865739315;0.0;0.0;0.0;0.0;0.0;0.0;1456.865739315
0.0.7969577;100.08153437;0.0;0.0;0.0;0.0;0.0;0.0;0.0;0.0;100.08153437
0.0.7991798;0.0;0.0;0.0;0.0;0.0;0.0;0.0;0.0;1871.0;1871.0
0.0.8013770;2170.00000002;0.0;0.0;0.0;0.0;0.0;0.093016;0.0;0.0;2170.0930160199996
0.0.8033358;0.01353314;0.0;0.0;0.0;0.0;0.0;0.0;0.0;0.0;0.01353314
0.0.8090434;96.33038054;0.0;0.0;0.0;0.0;0.0;0.0;0.0;0.0;96.33038054
0.0.8090443;25.9448441;0.0;0.0;0.0;0.0;0.0;0.0;0.0;0.0;25.9448441
0.0.8102310;9.85049573;20.2217658852;0.0;0.0;0.0;0.0;0.0;0.0;0.0;30.0722616152
0.0.8117644;0.0;0.0;0.0;0.0;0.0;0.0;0.0;0.0;24323.0;24323.0
0.0.8128931;264.0;0.0;0.0;0.0;0.0;0.0;0.0;0.0;0.0;264.0
0.0.8131324;1900.0;0.0;0.0;1022.8866656400002;0.0;17.393161737;579.1061115;0.0;0.0;3519.3859388769997
0.0.8142971;0.0;0.0;0.0;0.0;0.0;0.0;0.0;0.0;13097.0;13097.0
0.0.8143157;0.0;0.0;0.0;634.27141584;0.0;0.0;0.0;0.0;0.0;634.27141584
0.0.8147681;540.0;264.0;307.5;1350.0;315.0;1198.172451854;0.0;0.0;3742.0;7716.672451854
0.0.8158611;480.0;0.0;0.0;0.0;0.0;0.0;3570.0;0.0;0.0;4050.0
0.0.8160892;9.0;14.4540054384;0.033491055000000006;2.95650162;3.43358064;1.189564341;45.7302475;0.0;0.0;76.7973905944
0.0.8180616;0.0;0.0;136576.125;0.0;0.0;0.0;0.0;0.0;0.0;136576.125
0.0.8181593;0.0;0.0;0.0;0.0;0.0;119000.0;0.0;0.0;0.0;119000.0
0.0.8190378;172.65597584;0.0;0.0;0.0;0.0;0.0;0.0;0.0;0.0;172.65597584
0.0.8191634;650.00035862;0.0;0.0;0.0;0.0;0.0;0.0;0.0;0.0;650.00035862
0.0.8193911;1960.0;0.0;0.0;0.0;0.0;0.0;0.0;0.0;0.0;1960.0
0.0.8195929;660.0;0.0;0.0;0.0;0.0;0.0;0.0;0.0;0.0;660.0
0.0.8200296;0.7412498;0.0;0.0;0.0;0.0;0.0;0.0;0.0;0.0;0.7412498
0.0.8205084;1000.0;0.0;0.0;0.0;0.0;0.0;0.0;0.0;0.0;1000.0
0.0.8209469;0.0;0.0;0.0;0.0;0.0;0.0;7009.518271;0.0;0.0;7009.518271
NOT_FOUND_0x0d8bf125a37a143db9ee1992490640bb8e97d8b8;12608.53313994;0.0;0.0;0.0;0.0;0.0;0.0;0.0;0.0;12608.53313994
NOT_FOUND_0x4cfb6094446c3e086d3d2636b1a2f19628d4714b;13450.28954549;0.0;4687.5596685225;-0.030731130000000002;8273.32118235;1744.870403738;-3495.3061955;0.0;0.0;24660.703873470506
NOT_FOUND_0x4dc389b40e960cd0d011f28419bb3da5f00d4937;9482.8736484;301.7249890908;5701.6714104525;1426.0563731700001;350.94588543;1267.381394461;-2589.7894295;0.0;0.0;15940.8642715043
NOT_FOUND_0x66c71463f98013dcea824b89ecaca58e6f09c0fd;-0.00024337;0.0;0.0;0.0;0.0;0.0;35.002089500000004;0.0;0.0;35.001846130000004
NOT_FOUND_0x8c788e5907489a0110bf6eb8a6931f1eae048a6c;50000.0;0.0;0.0;688.9135892400001;19627.01617338;7652.519212540999;0.0;0.0;37429;115388.0
NOT_FOUND_0x927b4e5fe3750123488e3bc6c8aa4515d6044a9a;1630.0;0.0;0.0;0.0;0.0;0.0;-0.0033915;0.0;0.0;1629.9966085
NOT_FOUND_0x9692aa6a9b08ed6b10a802dc13c2fffdd49708f7;0.0;0.0;1293.196984875;0.0;0.0;0.0;0.0;0.0;0.0;1293.196984875
NOT_FOUND_0xa924468e8a1ec92b088b65fb340dde454726cc66;2500.90501539;0.0;12299.9999996925;0.0;0.0;0.0;0.0;0.0;0.0;14800.9050150825
NOT_FOUND_0xc77cbbaead55c25f8a589d748f26bb8e77f69cb9;0.0;0.0;-0.67233768;0.0;0.0;0.0;3.5;0.0;0.0;2.82766232
NOT_FOUND_0xc845be4bc13e0efe275b4a344cf03561a9a80b5e;46.0;0.0;0.0;0.0;0.0;0.0;0.0;0.0;0.0;46.0
NOT_FOUND_0xca77ca38eb8bb5f8acc391cf2db774d6702d174b;0.0;2640.0;0.0;0.0;0.0;0.0;0.0;0.0;0.0;2640.0
NOT_FOUND_0xd12149b79f4320e1df0355786af32bcea77d4476;0.00450166;0.0;0.0;0.0;0.0;0.0;0.0;0.0;0.0;0.00450166
NOT_FOUND_0xda9b073dfd6b115efe1cac0c58c8a1a62f75ad76;12500.0;0.0;0.0;0.0;0.0;0.0;0.0;0.0;9355.0;21855.0
NOT_FOUND_0xdb6c42a2baa04055f26c9f33b5dd08e3b4041ba9;0.0;0.0;6080.2551408750005;-0.39205674;0.0;0.0;0.0;0.0;13907;19986.0